SampleName	BRBSeq.Plate.Well	BRBSeq.sample.barcode.trimmed	BRBSeq.sample.barcode.full	group	Mouse	Stimulation	Costimulation	Timepoint
M24-MII-0	A12	AAGGTTCCGCCG	ACAAGGTTCCGCCG	MOG.none.24h	MII	Stimulation_MOG	Costimulation_none	Time_24h
M24-MI-0	E11	ACCAACCTATAG	CAACCAACCTATAG	MOG.none.24h	MI	Stimulation_MOG	Costimulation_none	Time_24h
024-MII-0	E10	ACGATGCTGCGC	ATACGATGCTGCGC	none.none.24h	MII	Stimulation_none	Costimulation_none	Time_24h
M24-MII-40	B12	ACGTTCCGGTAG	CCACGTTCCGGTAG	MOG.CD40L.24h	MII	Stimulation_MOG	Costimulation_CD40L	Time_24h
024-MIII-L	C11	AGGACCTCATAA	TAAGGACCTCATAA	none.LMP1.24h	MVI	Stimulation_none	Costimulation_LMP1	Time_24h
024-MI-40	B10	AGGCGTGGTTAC	CAAGGCGTGGTTAC	none.CD40L.24h	MI	Stimulation_none	Costimulation_CD40L	Time_24h
M4-MII-L	C9	CAATCCGTATAA	ACCAATCCGTATAA	MOG.LMP1.4h	MV	Stimulation_MOG	Costimulation_LMP1	Time_4h
04-MIII-40	B8	CATCGACAGCAG	CACATCGACAGCAG	none.CD40L.4h	MIII	Stimulation_none	Costimulation_CD40L	Time_4h
M4-MII-0	A9	CATGGCACGGAA	AACATGGCACGGAA	MOG.none.4h	MII	Stimulation_MOG	Costimulation_none	Time_4h
04-MII-40	F7	CATGGTAGAGAG	TTCATGGTAGAGAG	none.CD40L.4h	MII	Stimulation_none	Costimulation_CD40L	Time_4h
M4-MI-0	E8	CATGTGTCCAGG	TCCATGTGTCCAGG	MOG.none.4h	MI	Stimulation_MOG	Costimulation_none	Time_4h
M4-MI-L	G8	CCGCATGCTTCC	CTCCGCATGCTTCC	MOG.LMP1.4h	MIV	Stimulation_MOG	Costimulation_LMP1	Time_4h
04-MIII-L	C8	CCTGCTATCCGG	AACCTGCTATCCGG	none.LMP1.4h	MVI	Stimulation_none	Costimulation_LMP1	Time_4h
M24-MI-L	G11	CGAAGTTGTAGA	TCCGAAGTTGTAGA	MOG.LMP1.24h	MIV	Stimulation_MOG	Costimulation_LMP1	Time_24h
M4-MI-40	F8	CGATGTCATAGC	ATCGATGTCATAGC	MOG.CD40L.4h	MI	Stimulation_MOG	Costimulation_CD40L	Time_4h
M24-MIII-L	G12	CTCAAGTCCTCC	CTCTCAAGTCCTCC	MOG.LMP1.24h	MVI	Stimulation_MOG	Costimulation_LMP1	Time_24h
04-MI-40	B7	CTGGCTTGCAGG	CTCTGGCTTGCAGG	none.CD40L.4h	MI	Stimulation_none	Costimulation_CD40L	Time_4h
M24-MIII-40	F12	GAATGTTGCCAC	ATGAATGTTGCCAC	MOG.CD40L.24h	MIII	Stimulation_MOG	Costimulation_CD40L	Time_24h
04-MIII-0	A8	GATCTTCGGCAG	TCGATCTTCGGCAG	none.none.4h	MIII	Stimulation_none	Costimulation_none	Time_4h
04-MII-0	E7	GATTGGTAATGG	TCGATTGGTAATGG	none.none.4h	MII	Stimulation_none	Costimulation_none	Time_4h
M4-MIII-0	E9	GCAATTACACCG	ATGCAATTACACCG	MOG.none.4h	MIII	Stimulation_MOG	Costimulation_none	Time_4h
024-MII-40	F10	GCCTTAGGCCGC	AAGCCTTAGGCCGC	none.CD40L.24h	MII	Stimulation_none	Costimulation_CD40L	Time_24h
M4-MII-40	B9	GCTATCTAGACA	ATGCTATCTAGACA	MOG.CD40L.4h	MII	Stimulation_MOG	Costimulation_CD40L	Time_4h
M24-MIII-0	E12	GCTCATGAGAGA	CTGCTCATGAGAGA	MOG.none.24h	MIII	Stimulation_MOG	Costimulation_none	Time_24h
04-MII-L	G7	GCTCCTAACGGC	ACGCTCCTAACGGC	none.LMP1.4h	MV	Stimulation_none	Costimulation_LMP1	Time_4h
04-MI-L	C7	GGCCTTCAACCA	ACGGCCTTCAACCA	none.LMP1.4h	MIV	Stimulation_none	Costimulation_LMP1	Time_4h
M4-MIII-L	G9	GGCTCTTAGGCC	ACGGCTCTTAGGCC	MOG.LMP1.4h	MVI	Stimulation_MOG	Costimulation_LMP1	Time_4h
M24-MI-40	F11	GGTAGAATGGCC	CCGGTAGAATGGCC	MOG.CD40L.24h	MI	Stimulation_MOG	Costimulation_CD40L	Time_24h
024-MI-L	C10	TATCGGATTCGG	ATTATCGGATTCGG	none.LMP1.24h	MIV	Stimulation_none	Costimulation_LMP1	Time_24h
M4-MIII-40	F9	TCCATCCATGGA	CCTCCATCCATGGA	MOG.CD40L.4h	MIII	Stimulation_MOG	Costimulation_CD40L	Time_4h
024-MI-0	A10	TGAGAGCTATGA	TATGAGAGCTATGA	none.none.24h	MI	Stimulation_none	Costimulation_none	Time_24h
024-MIII-0	A11	TGATAAGCCAGG	CTTGATAAGCCAGG	none.none.24h	MIII	Stimulation_none	Costimulation_none	Time_24h
024-MIII-40	B11	TGGAACTCCGGC	CATGGAACTCCGGC	none.CD40L.24h	MIII	Stimulation_none	Costimulation_CD40L	Time_24h
04-MI-0	A7	TGTGTACTAGCA	CATGTGTACTAGCA	none.none.4h	MI	Stimulation_none	Costimulation_none	Time_4h
024-MII-L	G10	TGTGTGGATACC	AATGTGTGGATACC	none.LMP1.24h	MV	Stimulation_none	Costimulation_LMP1	Time_24h
M24-MII-L	C12	TTAAGGTCCAAC	ACTTAAGGTCCAAC	MOG.LMP1.24h	MV	Stimulation_MOG	Costimulation_LMP1	Time_24h
